<?xml version='1.0' encoding='UTF-8' standalone='yes' ?>
<Robot type="FirstInspires-FTC">
    <LynxUsbDevice name="Control Hub Portal" serialNumber="(embedded)" parentModuleAddress="173">
        <LynxModule name="Expansion Hub 2" port="2">
        </LynxModule>
        <LynxModule name="Control Hub" port="173">
            <NeveRest40Gearmotor name="front_left_drive" port="0" />
            <NeveRest40Gearmotor name="back_left_drive" port="1" />
            <NeveRest40Gearmotor name="front_right_drive" port="2" />
            <NeveRest40Gearmotor name="back_right_drive" port="3" />
            <ControlHubImuBHI260AP name="imu" port="0" bus="0" />
        </LynxModule>
    </LynxUsbDevice>
</Robot>
